"Time","Messages"
2023-06-22 15:55:15,0
2023-06-22 15:55:30,0
2023-06-22 15:55:45,0
2023-06-22 15:56:00,0
2023-06-22 15:56:15,0
2023-06-22 15:56:30,0
2023-06-22 15:56:45,0
2023-06-22 15:57:00,0
2023-06-22 15:57:15,0
2023-06-22 15:57:30,0
2023-06-22 15:57:45,0
2023-06-22 15:58:00,0
2023-06-22 15:58:15,0
2023-06-22 15:58:30,0
2023-06-22 15:58:45,0
2023-06-22 15:59:00,0
2023-06-22 15:59:15,0
2023-06-22 15:59:30,0
2023-06-22 15:59:45,0
2023-06-22 16:00:00,0
2023-06-22 16:00:15,0
2023-06-22 16:00:30,0
2023-06-22 16:00:45,0
2023-06-22 16:01:00,0
2023-06-22 16:01:15,0
2023-06-22 16:01:30,0
2023-06-22 16:01:45,0
2023-06-22 16:02:00,0
2023-06-22 16:02:15,0
2023-06-22 16:02:30,0
2023-06-22 16:02:45,0
2023-06-22 16:03:00,0
2023-06-22 16:03:15,0
2023-06-22 16:03:30,0
2023-06-22 16:03:45,0
2023-06-22 16:04:00,0
2023-06-22 16:04:15,0
2023-06-22 16:04:30,0
2023-06-22 16:04:45,0
2023-06-22 16:05:00,0
2023-06-22 16:05:15,0
2023-06-22 16:05:30,0
2023-06-22 16:05:45,0
2023-06-22 16:06:00,0
2023-06-22 16:06:15,0
2023-06-22 16:06:30,0
2023-06-22 16:06:45,0
2023-06-22 16:07:00,0
2023-06-22 16:07:15,0
2023-06-22 16:07:30,0
2023-06-22 16:07:45,0
2023-06-22 16:08:00,0
2023-06-22 16:08:15,0
2023-06-22 16:08:30,0
2023-06-22 16:08:45,0
2023-06-22 16:09:00,34
2023-06-22 16:09:15,0
2023-06-22 16:09:30,0
2023-06-22 16:09:45,9
2023-06-22 16:10:00,5
2023-06-22 16:10:15,0
2023-06-22 16:10:30,0
2023-06-22 16:10:45,15
2023-06-22 16:11:00,6
2023-06-22 16:11:15,0
2023-06-22 16:11:30,0
2023-06-22 16:11:45,51
2023-06-22 16:12:00,51
2023-06-22 16:12:15,0
2023-06-22 16:12:30,0
2023-06-22 16:12:45,0
2023-06-22 16:13:00,63
2023-06-22 16:13:15,76
2023-06-22 16:13:30,127
2023-06-22 16:13:45,0
2023-06-22 16:14:00,0
2023-06-22 16:14:15,0
2023-06-22 16:14:30,0
2023-06-22 16:14:45,36
2023-06-22 16:15:00,0
2023-06-22 16:15:15,0
2023-06-22 16:15:30,0
2023-06-22 16:15:45,0
2023-06-22 16:16:00,0
2023-06-22 16:16:15,0
2023-06-22 16:16:30,0
2023-06-22 16:16:45,0
2023-06-22 16:17:00,0
2023-06-22 16:17:15,0
2023-06-22 16:17:30,0
2023-06-22 16:17:45,0
2023-06-22 16:18:00,0
2023-06-22 16:18:15,0
2023-06-22 16:18:30,0
2023-06-22 16:18:45,0
2023-06-22 16:19:00,0
2023-06-22 16:19:15,0
2023-06-22 16:19:30,0
2023-06-22 16:19:45,0
2023-06-22 16:20:00,0
2023-06-22 16:20:15,0
2023-06-22 16:20:30,0
2023-06-22 16:20:45,0
2023-06-22 16:21:00,0
2023-06-22 16:21:15,0
2023-06-22 16:21:30,0
2023-06-22 16:21:45,0
2023-06-22 16:22:00,0
2023-06-22 16:22:15,0
2023-06-22 16:22:30,0
2023-06-22 16:22:45,0
2023-06-22 16:23:00,0
2023-06-22 16:23:15,0
2023-06-22 16:23:30,0
2023-06-22 16:23:45,0
2023-06-22 16:24:00,0
2023-06-22 16:24:15,0
2023-06-22 16:24:30,0
2023-06-22 16:24:45,0
2023-06-22 16:25:00,0
2023-06-22 16:25:15,0
2023-06-22 16:25:30,0
2023-06-22 16:25:45,0
2023-06-22 16:26:00,0
2023-06-22 16:26:15,0
2023-06-22 16:26:30,0
2023-06-22 16:26:45,0
2023-06-22 16:27:00,0
2023-06-22 16:27:15,0
2023-06-22 16:27:30,0
2023-06-22 16:27:45,0
2023-06-22 16:28:00,0
2023-06-22 16:28:15,0
2023-06-22 16:28:30,0
2023-06-22 16:28:45,0
2023-06-22 16:29:00,0
2023-06-22 16:29:15,0
2023-06-22 16:29:30,0
2023-06-22 16:29:45,0
2023-06-22 16:30:00,0
2023-06-22 16:30:15,0
2023-06-22 16:30:30,0
2023-06-22 16:30:45,0
2023-06-22 16:31:00,0
2023-06-22 16:31:15,0
2023-06-22 16:31:30,0
2023-06-22 16:31:45,0
2023-06-22 16:32:00,0
2023-06-22 16:32:15,0
2023-06-22 16:32:30,0
2023-06-22 16:32:45,0
2023-06-22 16:33:00,0
2023-06-22 16:33:15,0
2023-06-22 16:33:30,0
2023-06-22 16:33:45,0
2023-06-22 16:34:00,0
2023-06-22 16:34:15,0
2023-06-22 16:34:30,0
2023-06-22 16:34:45,0
2023-06-22 16:35:00,0
2023-06-22 16:35:15,0
2023-06-22 16:35:30,0
2023-06-22 16:35:45,0
2023-06-22 16:36:00,0
2023-06-22 16:36:15,0
2023-06-22 16:36:30,0
2023-06-22 16:36:45,0
2023-06-22 16:37:00,0
2023-06-22 16:37:15,0

