"Time","Nodes"
2023-06-26 16:13:30,3
2023-06-26 16:13:45,3
2023-06-26 16:14:00,3
2023-06-26 16:14:15,3
2023-06-26 16:14:30,3
2023-06-26 16:14:45,3
2023-06-26 16:15:00,3
2023-06-26 16:15:15,3
2023-06-26 16:15:30,3
2023-06-26 16:15:45,3
2023-06-26 16:16:00,3
2023-06-26 16:16:15,3
2023-06-26 16:16:30,3
2023-06-26 16:16:45,3
2023-06-26 16:17:00,3
2023-06-26 16:17:15,3
2023-06-26 16:17:30,3
2023-06-26 16:17:45,3
2023-06-26 16:18:00,3
2023-06-26 16:18:15,3
2023-06-26 16:18:30,3
2023-06-26 16:18:45,3
2023-06-26 16:19:00,3
2023-06-26 16:19:15,3
2023-06-26 16:19:30,3
2023-06-26 16:19:45,3
2023-06-26 16:20:00,3
2023-06-26 16:20:15,3
2023-06-26 16:20:30,3
2023-06-26 16:20:45,3
2023-06-26 16:21:00,3
2023-06-26 16:21:15,3
2023-06-26 16:21:30,3
2023-06-26 16:21:45,3
2023-06-26 16:22:00,3
2023-06-26 16:22:15,3
2023-06-26 16:22:30,3
2023-06-26 16:22:45,3
2023-06-26 16:23:00,3
2023-06-26 16:23:15,3
2023-06-26 16:23:30,3
2023-06-26 16:23:45,3
2023-06-26 16:24:00,3
2023-06-26 16:24:15,3
2023-06-26 16:24:30,3
2023-06-26 16:24:45,3
2023-06-26 16:25:00,3
2023-06-26 16:25:15,3
2023-06-26 16:25:30,3
2023-06-26 16:25:45,3
2023-06-26 16:26:00,3
2023-06-26 16:26:15,3
2023-06-26 16:26:30,3
2023-06-26 16:26:45,3
2023-06-26 16:27:00,3
2023-06-26 16:27:15,3
2023-06-26 16:27:30,3
2023-06-26 16:27:45,3
2023-06-26 16:28:00,3
2023-06-26 16:28:15,3
2023-06-26 16:28:30,3
2023-06-26 16:28:45,3
2023-06-26 16:29:00,3
2023-06-26 16:29:15,3
2023-06-26 16:29:30,3
2023-06-26 16:29:45,3
2023-06-26 16:30:00,3
2023-06-26 16:30:15,3
2023-06-26 16:30:30,3
2023-06-26 16:30:45,3
2023-06-26 16:31:00,3
2023-06-26 16:31:15,3
2023-06-26 16:31:30,3
2023-06-26 16:31:45,3
2023-06-26 16:32:00,3
2023-06-26 16:32:15,3
2023-06-26 16:32:30,3
2023-06-26 16:32:45,3
2023-06-26 16:33:00,3
2023-06-26 16:33:15,3
2023-06-26 16:33:30,3
2023-06-26 16:33:45,3
2023-06-26 16:34:00,3
2023-06-26 16:34:15,3
2023-06-26 16:34:30,3
2023-06-26 16:34:45,3
2023-06-26 16:35:00,3
2023-06-26 16:35:15,3
2023-06-26 16:35:30,3
2023-06-26 16:35:45,3
2023-06-26 16:36:00,3
2023-06-26 16:36:15,3
2023-06-26 16:36:30,3
2023-06-26 16:36:45,3
2023-06-26 16:37:00,3
2023-06-26 16:37:15,3
2023-06-26 16:37:30,3
2023-06-26 16:37:45,3
2023-06-26 16:38:00,3
2023-06-26 16:38:15,3
2023-06-26 16:38:30,3
2023-06-26 16:38:45,3
2023-06-26 16:39:00,3
2023-06-26 16:39:15,3
2023-06-26 16:39:30,3
2023-06-26 16:39:45,3
2023-06-26 16:40:00,3
2023-06-26 16:40:15,3
2023-06-26 16:40:30,3
2023-06-26 16:40:45,3
2023-06-26 16:41:00,3
2023-06-26 16:41:15,3
2023-06-26 16:41:30,3
2023-06-26 16:41:45,3
2023-06-26 16:42:00,3
2023-06-26 16:42:15,3
2023-06-26 16:42:30,3
2023-06-26 16:42:45,3
2023-06-26 16:43:00,3
2023-06-26 16:43:15,3
2023-06-26 16:43:30,3
2023-06-26 16:43:45,3
2023-06-26 16:44:00,3
2023-06-26 16:44:15,3
2023-06-26 16:44:30,3
2023-06-26 16:44:45,3
2023-06-26 16:45:00,3
2023-06-26 16:45:15,3
2023-06-26 16:45:30,3
2023-06-26 16:45:45,3
2023-06-26 16:46:00,3
2023-06-26 16:46:15,3
2023-06-26 16:46:30,3
2023-06-26 16:46:45,3
2023-06-26 16:47:00,3

